region,q1,avg,q3,scrape_date,source_url,timestamp
Deutschland,3543,4527,7070,2019-07-22,https://web.archive.org/web/20190722155915/https://www.gehaltsvergleich.com/gehalt/Bioinformatiker-Bioinformatikerin,20190722155915
Baden-Württemberg,3352,4385,9689,2019-07-22,https://web.archive.org/web/20190722155915/https://www.gehaltsvergleich.com/gehalt/Bioinformatiker-Bioinformatikerin,20190722155915
Bayern,3395,4515,6842,2019-07-22,https://web.archive.org/web/20190722155915/https://www.gehaltsvergleich.com/gehalt/Bioinformatiker-Bioinformatikerin,20190722155915
Berlin,4045,4726,4904,2019-07-22,https://web.archive.org/web/20190722155915/https://www.gehaltsvergleich.com/gehalt/Bioinformatiker-Bioinformatikerin,20190722155915
Brandenburg,2797,3573,5581,2019-07-22,https://web.archive.org/web/20190722155915/https://www.gehaltsvergleich.com/gehalt/Bioinformatiker-Bioinformatikerin,20190722155915
Bremen,3488,4457,6960,2019-07-22,https://web.archive.org/web/20190722155915/https://www.gehaltsvergleich.com/gehalt/Bioinformatiker-Bioinformatikerin,20190722155915
Hamburg,3265,4599,6927,2019-07-22,https://web.archive.org/web/20190722155915/https://www.gehaltsvergleich.com/gehalt/Bioinformatiker-Bioinformatikerin,20190722155915
Hessen,3938,4540,4692,2019-07-22,https://web.archive.org/web/20190722155915/https://www.gehaltsvergleich.com/gehalt/Bioinformatiker-Bioinformatikerin,20190722155915
Mecklenburg-Vorpommern,2690,3438,5370,2019-07-22,https://web.archive.org/web/20190722155915/https://www.gehaltsvergleich.com/gehalt/Bioinformatiker-Bioinformatikerin,20190722155915
Niedersachsen,3812,4203,4383,2019-07-22,https://web.archive.org/web/20190722155915/https://www.gehaltsvergleich.com/gehalt/Bioinformatiker-Bioinformatikerin,20190722155915
Nordrhein-Westfalen,3998,4276,5447,2019-07-22,https://web.archive.org/web/20190722155915/https://www.gehaltsvergleich.com/gehalt/Bioinformatiker-Bioinformatikerin,20190722155915
Rheinland-Pfalz,3723,4758,7431,2019-07-22,https://web.archive.org/web/20190722155915/https://www.gehaltsvergleich.com/gehalt/Bioinformatiker-Bioinformatikerin,20190722155915
Saarland,3366,4301,6716,2019-07-22,https://web.archive.org/web/20190722155915/https://www.gehaltsvergleich.com/gehalt/Bioinformatiker-Bioinformatikerin,20190722155915
Sachsen,2832,3619,5651,2019-07-22,https://web.archive.org/web/20190722155915/https://www.gehaltsvergleich.com/gehalt/Bioinformatiker-Bioinformatikerin,20190722155915
Sachsen-Anhalt,2795,3571,5578,2019-07-22,https://web.archive.org/web/20190722155915/https://www.gehaltsvergleich.com/gehalt/Bioinformatiker-Bioinformatikerin,20190722155915
Schleswig-Holstein,3128,3997,6242,2019-07-22,https://web.archive.org/web/20190722155915/https://www.gehaltsvergleich.com/gehalt/Bioinformatiker-Bioinformatikerin,20190722155915
Thüringen,2872,3669,5731,2019-07-22,https://web.archive.org/web/20190722155915/https://www.gehaltsvergleich.com/gehalt/Bioinformatiker-Bioinformatikerin,20190722155915
Deutschland,3543,4527,7265,2019-09-22,https://web.archive.org/web/20190922161708/https://www.gehaltsvergleich.com/gehalt/Bioinformatiker-Bioinformatikerin,20190922161708
Baden-Württemberg,3352,4385,9689,2019-09-22,https://web.archive.org/web/20190922161708/https://www.gehaltsvergleich.com/gehalt/Bioinformatiker-Bioinformatikerin,20190922161708
Bayern,3395,4515,6850,2019-09-22,https://web.archive.org/web/20190922161708/https://www.gehaltsvergleich.com/gehalt/Bioinformatiker-Bioinformatikerin,20190922161708
Berlin,4045,4726,4994,2019-09-22,https://web.archive.org/web/20190922161708/https://www.gehaltsvergleich.com/gehalt/Bioinformatiker-Bioinformatikerin,20190922161708
Brandenburg,2797,3573,5735,2019-09-22,https://web.archive.org/web/20190922161708/https://www.gehaltsvergleich.com/gehalt/Bioinformatiker-Bioinformatikerin,20190922161708
Bremen,3488,4457,7152,2019-09-22,https://web.archive.org/web/20190922161708/https://www.gehaltsvergleich.com/gehalt/Bioinformatiker-Bioinformatikerin,20190922161708
Hamburg,3265,4599,6927,2019-09-22,https://web.archive.org/web/20190922161708/https://www.gehaltsvergleich.com/gehalt/Bioinformatiker-Bioinformatikerin,20190922161708
Hessen,3938,4540,4692,2019-09-22,https://web.archive.org/web/20190922161708/https://www.gehaltsvergleich.com/gehalt/Bioinformatiker-Bioinformatikerin,20190922161708
Mecklenburg-Vorpommern,2690,3438,5517,2019-09-22,https://web.archive.org/web/20190922161708/https://www.gehaltsvergleich.com/gehalt/Bioinformatiker-Bioinformatikerin,20190922161708
Niedersachsen,3812,4206,4452,2019-09-22,https://web.archive.org/web/20190922161708/https://www.gehaltsvergleich.com/gehalt/Bioinformatiker-Bioinformatikerin,20190922161708
Nordrhein-Westfalen,4005,4276,5453,2019-09-22,https://web.archive.org/web/20190922161708/https://www.gehaltsvergleich.com/gehalt/Bioinformatiker-Bioinformatikerin,20190922161708
Rheinland-Pfalz,3723,4758,7636,2019-09-22,https://web.archive.org/web/20190922161708/https://www.gehaltsvergleich.com/gehalt/Bioinformatiker-Bioinformatikerin,20190922161708
Saarland,3366,4301,6901,2019-09-22,https://web.archive.org/web/20190922161708/https://www.gehaltsvergleich.com/gehalt/Bioinformatiker-Bioinformatikerin,20190922161708
Sachsen,2832,3619,5808,2019-09-22,https://web.archive.org/web/20190922161708/https://www.gehaltsvergleich.com/gehalt/Bioinformatiker-Bioinformatikerin,20190922161708
Sachsen-Anhalt,2795,3571,5732,2019-09-22,https://web.archive.org/web/20190922161708/https://www.gehaltsvergleich.com/gehalt/Bioinformatiker-Bioinformatikerin,20190922161708
Schleswig-Holstein,3128,3997,6415,2019-09-22,https://web.archive.org/web/20190922161708/https://www.gehaltsvergleich.com/gehalt/Bioinformatiker-Bioinformatikerin,20190922161708
Thüringen,2872,3669,5888,2019-09-22,https://web.archive.org/web/20190922161708/https://www.gehaltsvergleich.com/gehalt/Bioinformatiker-Bioinformatikerin,20190922161708
Deutschland,3543,4527,7265,2019-11-21,https://web.archive.org/web/20191121181312/https://www.gehaltsvergleich.com/gehalt/Bioinformatiker-Bioinformatikerin,20191121181312
Baden-Württemberg,3352,4385,9689,2019-11-21,https://web.archive.org/web/20191121181312/https://www.gehaltsvergleich.com/gehalt/Bioinformatiker-Bioinformatikerin,20191121181312
Bayern,3395,4515,6850,2019-11-21,https://web.archive.org/web/20191121181312/https://www.gehaltsvergleich.com/gehalt/Bioinformatiker-Bioinformatikerin,20191121181312
Berlin,4045,4726,4994,2019-11-21,https://web.archive.org/web/20191121181312/https://www.gehaltsvergleich.com/gehalt/Bioinformatiker-Bioinformatikerin,20191121181312
Brandenburg,2803,3582,5749,2019-11-21,https://web.archive.org/web/20191121181312/https://www.gehaltsvergleich.com/gehalt/Bioinformatiker-Bioinformatikerin,20191121181312
Bremen,3488,4457,7152,2019-11-21,https://web.archive.org/web/20191121181312/https://www.gehaltsvergleich.com/gehalt/Bioinformatiker-Bioinformatikerin,20191121181312
Hamburg,3265,4599,6927,2019-11-21,https://web.archive.org/web/20191121181312/https://www.gehaltsvergleich.com/gehalt/Bioinformatiker-Bioinformatikerin,20191121181312
Hessen,3938,4540,4692,2019-11-21,https://web.archive.org/web/20191121181312/https://www.gehaltsvergleich.com/gehalt/Bioinformatiker-Bioinformatikerin,20191121181312
Mecklenburg-Vorpommern,2681,3426,5498,2019-11-21,https://web.archive.org/web/20191121181312/https://www.gehaltsvergleich.com/gehalt/Bioinformatiker-Bioinformatikerin,20191121181312
Niedersachsen,3812,4206,4452,2019-11-21,https://web.archive.org/web/20191121181312/https://www.gehaltsvergleich.com/gehalt/Bioinformatiker-Bioinformatikerin,20191121181312
Nordrhein-Westfalen,4005,4276,5453,2019-11-21,https://web.archive.org/web/20191121181312/https://www.gehaltsvergleich.com/gehalt/Bioinformatiker-Bioinformatikerin,20191121181312
Rheinland-Pfalz,3723,4758,7636,2019-11-21,https://web.archive.org/web/20191121181312/https://www.gehaltsvergleich.com/gehalt/Bioinformatiker-Bioinformatikerin,20191121181312
Saarland,3374,4313,6921,2019-11-21,https://web.archive.org/web/20191121181312/https://www.gehaltsvergleich.com/gehalt/Bioinformatiker-Bioinformatikerin,20191121181312
Sachsen,2827,3612,5797,2019-11-21,https://web.archive.org/web/20191121181312/https://www.gehaltsvergleich.com/gehalt/Bioinformatiker-Bioinformatikerin,20191121181312
Sachsen-Anhalt,2780,3553,5701,2019-11-21,https://web.archive.org/web/20191121181312/https://www.gehaltsvergleich.com/gehalt/Bioinformatiker-Bioinformatikerin,20191121181312
Schleswig-Holstein,3126,3995,6410,2019-11-21,https://web.archive.org/web/20191121181312/https://www.gehaltsvergleich.com/gehalt/Bioinformatiker-Bioinformatikerin,20191121181312
Thüringen,2869,3667,5885,2019-11-21,https://web.archive.org/web/20191121181312/https://www.gehaltsvergleich.com/gehalt/Bioinformatiker-Bioinformatikerin,20191121181312
Deutschland,4049,4527,5425,2020-09-20,https://web.archive.org/web/20200920034233/https://www.gehaltsvergleich.com/gehalt/Bioinformatiker-Bioinformatikerin,20200920034233
Baden-Württemberg,3352,4385,9689,2020-09-20,https://web.archive.org/web/20200920034233/https://www.gehaltsvergleich.com/gehalt/Bioinformatiker-Bioinformatikerin,20200920034233
Bayern,3886,4515,5515,2020-09-20,https://web.archive.org/web/20200920034233/https://www.gehaltsvergleich.com/gehalt/Bioinformatiker-Bioinformatikerin,20200920034233
Berlin,4045,4726,4994,2020-09-20,https://web.archive.org/web/20200920034233/https://www.gehaltsvergleich.com/gehalt/Bioinformatiker-Bioinformatikerin,20200920034233
Brandenburg,3215,3594,4307,2020-09-20,https://web.archive.org/web/20200920034233/https://www.gehaltsvergleich.com/gehalt/Bioinformatiker-Bioinformatikerin,20200920034233
Bremen,3986,4457,5340,2020-09-20,https://web.archive.org/web/20200920034233/https://www.gehaltsvergleich.com/gehalt/Bioinformatiker-Bioinformatikerin,20200920034233
Hamburg,3265,4599,6927,2020-09-20,https://web.archive.org/web/20200920034233/https://www.gehaltsvergleich.com/gehalt/Bioinformatiker-Bioinformatikerin,20200920034233
Hessen,3938,4540,4692,2020-09-20,https://web.archive.org/web/20200920034233/https://www.gehaltsvergleich.com/gehalt/Bioinformatiker-Bioinformatikerin,20200920034233
Mecklenburg-Vorpommern,3080,3444,4127,2020-09-20,https://web.archive.org/web/20200920034233/https://www.gehaltsvergleich.com/gehalt/Bioinformatiker-Bioinformatikerin,20200920034233
Niedersachsen,3812,4206,4452,2020-09-20,https://web.archive.org/web/20200920034233/https://www.gehaltsvergleich.com/gehalt/Bioinformatiker-Bioinformatikerin,20200920034233
Nordrhein-Westfalen,4005,4276,5453,2020-09-20,https://web.archive.org/web/20200920034233/https://www.gehaltsvergleich.com/gehalt/Bioinformatiker-Bioinformatikerin,20200920034233
Rheinland-Pfalz,4255,4758,5702,2020-09-20,https://web.archive.org/web/20200920034233/https://www.gehaltsvergleich.com/gehalt/Bioinformatiker-Bioinformatikerin,20200920034233
Saarland,3867,4324,5181,2020-09-20,https://web.archive.org/web/20200920034233/https://www.gehaltsvergleich.com/gehalt/Bioinformatiker-Bioinformatikerin,20200920034233
Sachsen,3243,3626,4346,2020-09-20,https://web.archive.org/web/20200920034233/https://www.gehaltsvergleich.com/gehalt/Bioinformatiker-Bioinformatikerin,20200920034233
Sachsen-Anhalt,3184,3560,4266,2020-09-20,https://web.archive.org/web/20200920034233/https://www.gehaltsvergleich.com/gehalt/Bioinformatiker-Bioinformatikerin,20200920034233
Schleswig-Holstein,3575,3997,4789,2020-09-20,https://web.archive.org/web/20200920034233/https://www.gehaltsvergleich.com/gehalt/Bioinformatiker-Bioinformatikerin,20200920034233
Thüringen,3286,3675,4403,2020-09-20,https://web.archive.org/web/20200920034233/https://www.gehaltsvergleich.com/gehalt/Bioinformatiker-Bioinformatikerin,20200920034233
Deutschland,4049,4527,5425,2020-12-03,https://web.archive.org/web/20201203065454/https://www.gehaltsvergleich.com/gehalt/Bioinformatiker-Bioinformatikerin,20201203065454
Baden-Württemberg,3352,4385,9689,2020-12-03,https://web.archive.org/web/20201203065454/https://www.gehaltsvergleich.com/gehalt/Bioinformatiker-Bioinformatikerin,20201203065454
Bayern,3886,4515,5515,2020-12-03,https://web.archive.org/web/20201203065454/https://www.gehaltsvergleich.com/gehalt/Bioinformatiker-Bioinformatikerin,20201203065454
Berlin,4045,4726,4994,2020-12-03,https://web.archive.org/web/20201203065454/https://www.gehaltsvergleich.com/gehalt/Bioinformatiker-Bioinformatikerin,20201203065454
Brandenburg,3215,3594,4307,2020-12-03,https://web.archive.org/web/20201203065454/https://www.gehaltsvergleich.com/gehalt/Bioinformatiker-Bioinformatikerin,20201203065454
Bremen,3986,4457,5340,2020-12-03,https://web.archive.org/web/20201203065454/https://www.gehaltsvergleich.com/gehalt/Bioinformatiker-Bioinformatikerin,20201203065454
Hamburg,3265,4599,6927,2020-12-03,https://web.archive.org/web/20201203065454/https://www.gehaltsvergleich.com/gehalt/Bioinformatiker-Bioinformatikerin,20201203065454
Hessen,3938,4540,4692,2020-12-03,https://web.archive.org/web/20201203065454/https://www.gehaltsvergleich.com/gehalt/Bioinformatiker-Bioinformatikerin,20201203065454
Mecklenburg-Vorpommern,3080,3444,4127,2020-12-03,https://web.archive.org/web/20201203065454/https://www.gehaltsvergleich.com/gehalt/Bioinformatiker-Bioinformatikerin,20201203065454
Niedersachsen,3812,4206,4452,2020-12-03,https://web.archive.org/web/20201203065454/https://www.gehaltsvergleich.com/gehalt/Bioinformatiker-Bioinformatikerin,20201203065454
Nordrhein-Westfalen,4005,4276,5453,2020-12-03,https://web.archive.org/web/20201203065454/https://www.gehaltsvergleich.com/gehalt/Bioinformatiker-Bioinformatikerin,20201203065454
Rheinland-Pfalz,4255,4758,5702,2020-12-03,https://web.archive.org/web/20201203065454/https://www.gehaltsvergleich.com/gehalt/Bioinformatiker-Bioinformatikerin,20201203065454
Saarland,3867,4324,5181,2020-12-03,https://web.archive.org/web/20201203065454/https://www.gehaltsvergleich.com/gehalt/Bioinformatiker-Bioinformatikerin,20201203065454
Sachsen,3243,3626,4346,2020-12-03,https://web.archive.org/web/20201203065454/https://www.gehaltsvergleich.com/gehalt/Bioinformatiker-Bioinformatikerin,20201203065454
Sachsen-Anhalt,3184,3560,4266,2020-12-03,https://web.archive.org/web/20201203065454/https://www.gehaltsvergleich.com/gehalt/Bioinformatiker-Bioinformatikerin,20201203065454
Schleswig-Holstein,3575,3997,4789,2020-12-03,https://web.archive.org/web/20201203065454/https://www.gehaltsvergleich.com/gehalt/Bioinformatiker-Bioinformatikerin,20201203065454
Thüringen,3286,3675,4403,2020-12-03,https://web.archive.org/web/20201203065454/https://www.gehaltsvergleich.com/gehalt/Bioinformatiker-Bioinformatikerin,20201203065454
Deutschland,4049,4527,5425,2021-06-22,https://web.archive.org/web/20210622193012/https://www.gehaltsvergleich.com/gehalt/Bioinformatiker-Bioinformatikerin,20210622193012
Baden-Württemberg,3352,4385,9689,2021-06-22,https://web.archive.org/web/20210622193012/https://www.gehaltsvergleich.com/gehalt/Bioinformatiker-Bioinformatikerin,20210622193012
Bayern,3886,4515,5515,2021-06-22,https://web.archive.org/web/20210622193012/https://www.gehaltsvergleich.com/gehalt/Bioinformatiker-Bioinformatikerin,20210622193012
Berlin,4045,4726,4994,2021-06-22,https://web.archive.org/web/20210622193012/https://www.gehaltsvergleich.com/gehalt/Bioinformatiker-Bioinformatikerin,20210622193012
Brandenburg,3224,3604,4319,2021-06-22,https://web.archive.org/web/20210622193012/https://www.gehaltsvergleich.com/gehalt/Bioinformatiker-Bioinformatikerin,20210622193012
Bremen,3986,4457,5340,2021-06-22,https://web.archive.org/web/20210622193012/https://www.gehaltsvergleich.com/gehalt/Bioinformatiker-Bioinformatikerin,20210622193012
Hamburg,3265,4599,6927,2021-06-22,https://web.archive.org/web/20210622193012/https://www.gehaltsvergleich.com/gehalt/Bioinformatiker-Bioinformatikerin,20210622193012
Hessen,3938,4540,4692,2021-06-22,https://web.archive.org/web/20210622193012/https://www.gehaltsvergleich.com/gehalt/Bioinformatiker-Bioinformatikerin,20210622193012
Mecklenburg-Vorpommern,3091,3456,4141,2021-06-22,https://web.archive.org/web/20210622193012/https://www.gehaltsvergleich.com/gehalt/Bioinformatiker-Bioinformatikerin,20210622193012
Niedersachsen,3812,4206,4452,2021-06-22,https://web.archive.org/web/20210622193012/https://www.gehaltsvergleich.com/gehalt/Bioinformatiker-Bioinformatikerin,20210622193012
Nordrhein-Westfalen,4005,4276,5453,2021-06-22,https://web.archive.org/web/20210622193012/https://www.gehaltsvergleich.com/gehalt/Bioinformatiker-Bioinformatikerin,20210622193012
Rheinland-Pfalz,4255,4758,5702,2021-06-22,https://web.archive.org/web/20210622193012/https://www.gehaltsvergleich.com/gehalt/Bioinformatiker-Bioinformatikerin,20210622193012
Saarland,3872,4329,5187,2021-06-22,https://web.archive.org/web/20210622193012/https://www.gehaltsvergleich.com/gehalt/Bioinformatiker-Bioinformatikerin,20210622193012
Sachsen,3250,3634,4354,2021-06-22,https://web.archive.org/web/20210622193012/https://www.gehaltsvergleich.com/gehalt/Bioinformatiker-Bioinformatikerin,20210622193012
Sachsen-Anhalt,3192,3569,4276,2021-06-22,https://web.archive.org/web/20210622193012/https://www.gehaltsvergleich.com/gehalt/Bioinformatiker-Bioinformatikerin,20210622193012
Schleswig-Holstein,3581,4005,4799,2021-06-22,https://web.archive.org/web/20210622193012/https://www.gehaltsvergleich.com/gehalt/Bioinformatiker-Bioinformatikerin,20210622193012
Thüringen,3292,3681,4412,2021-06-22,https://web.archive.org/web/20210622193012/https://www.gehaltsvergleich.com/gehalt/Bioinformatiker-Bioinformatikerin,20210622193012
Deutschland,4049,4527,5425,2021-09-28,https://web.archive.org/web/20210928124432/https://www.gehaltsvergleich.com/gehalt/Bioinformatiker-Bioinformatikerin,20210928124432
Baden-Württemberg,3352,4385,9689,2021-09-28,https://web.archive.org/web/20210928124432/https://www.gehaltsvergleich.com/gehalt/Bioinformatiker-Bioinformatikerin,20210928124432
Bayern,3886,4515,5515,2021-09-28,https://web.archive.org/web/20210928124432/https://www.gehaltsvergleich.com/gehalt/Bioinformatiker-Bioinformatikerin,20210928124432
Berlin,4045,4726,4994,2021-09-28,https://web.archive.org/web/20210928124432/https://www.gehaltsvergleich.com/gehalt/Bioinformatiker-Bioinformatikerin,20210928124432
Brandenburg,3224,3604,4319,2021-09-28,https://web.archive.org/web/20210928124432/https://www.gehaltsvergleich.com/gehalt/Bioinformatiker-Bioinformatikerin,20210928124432
Bremen,3986,4457,5340,2021-09-28,https://web.archive.org/web/20210928124432/https://www.gehaltsvergleich.com/gehalt/Bioinformatiker-Bioinformatikerin,20210928124432
Hamburg,3265,4599,6927,2021-09-28,https://web.archive.org/web/20210928124432/https://www.gehaltsvergleich.com/gehalt/Bioinformatiker-Bioinformatikerin,20210928124432
Hessen,3938,4540,4692,2021-09-28,https://web.archive.org/web/20210928124432/https://www.gehaltsvergleich.com/gehalt/Bioinformatiker-Bioinformatikerin,20210928124432
Mecklenburg-Vorpommern,3091,3456,4141,2021-09-28,https://web.archive.org/web/20210928124432/https://www.gehaltsvergleich.com/gehalt/Bioinformatiker-Bioinformatikerin,20210928124432
Niedersachsen,3812,4206,4452,2021-09-28,https://web.archive.org/web/20210928124432/https://www.gehaltsvergleich.com/gehalt/Bioinformatiker-Bioinformatikerin,20210928124432
Nordrhein-Westfalen,4005,4276,5453,2021-09-28,https://web.archive.org/web/20210928124432/https://www.gehaltsvergleich.com/gehalt/Bioinformatiker-Bioinformatikerin,20210928124432
Rheinland-Pfalz,4255,4758,5702,2021-09-28,https://web.archive.org/web/20210928124432/https://www.gehaltsvergleich.com/gehalt/Bioinformatiker-Bioinformatikerin,20210928124432
Saarland,3872,4329,5187,2021-09-28,https://web.archive.org/web/20210928124432/https://www.gehaltsvergleich.com/gehalt/Bioinformatiker-Bioinformatikerin,20210928124432
Sachsen,3250,3634,4354,2021-09-28,https://web.archive.org/web/20210928124432/https://www.gehaltsvergleich.com/gehalt/Bioinformatiker-Bioinformatikerin,20210928124432
Sachsen-Anhalt,3192,3569,4276,2021-09-28,https://web.archive.org/web/20210928124432/https://www.gehaltsvergleich.com/gehalt/Bioinformatiker-Bioinformatikerin,20210928124432
Schleswig-Holstein,3581,4005,4799,2021-09-28,https://web.archive.org/web/20210928124432/https://www.gehaltsvergleich.com/gehalt/Bioinformatiker-Bioinformatikerin,20210928124432
Thüringen,3292,3681,4412,2021-09-28,https://web.archive.org/web/20210928124432/https://www.gehaltsvergleich.com/gehalt/Bioinformatiker-Bioinformatikerin,20210928124432
Deutschland,4049,4527,5425,2022-05-29,https://web.archive.org/web/20220529075056/https://www.gehaltsvergleich.com/gehalt/Bioinformatiker-Bioinformatikerin,20220529075056
Baden-Württemberg,3352,4385,9689,2022-05-29,https://web.archive.org/web/20220529075056/https://www.gehaltsvergleich.com/gehalt/Bioinformatiker-Bioinformatikerin,20220529075056
Bayern,3886,4515,5515,2022-05-29,https://web.archive.org/web/20220529075056/https://www.gehaltsvergleich.com/gehalt/Bioinformatiker-Bioinformatikerin,20220529075056
Berlin,4045,4726,4994,2022-05-29,https://web.archive.org/web/20220529075056/https://www.gehaltsvergleich.com/gehalt/Bioinformatiker-Bioinformatikerin,20220529075056
Brandenburg,3419,3823,4581,2022-05-29,https://web.archive.org/web/20220529075056/https://www.gehaltsvergleich.com/gehalt/Bioinformatiker-Bioinformatikerin,20220529075056
Bremen,3986,4457,5340,2022-05-29,https://web.archive.org/web/20220529075056/https://www.gehaltsvergleich.com/gehalt/Bioinformatiker-Bioinformatikerin,20220529075056
Hamburg,3265,4599,6927,2022-05-29,https://web.archive.org/web/20220529075056/https://www.gehaltsvergleich.com/gehalt/Bioinformatiker-Bioinformatikerin,20220529075056
Hessen,3938,4540,4692,2022-05-29,https://web.archive.org/web/20220529075056/https://www.gehaltsvergleich.com/gehalt/Bioinformatiker-Bioinformatikerin,20220529075056
Mecklenburg-Vorpommern,3312,3703,4438,2022-05-29,https://web.archive.org/web/20220529075056/https://www.gehaltsvergleich.com/gehalt/Bioinformatiker-Bioinformatikerin,20220529075056
Niedersachsen,3812,4206,4452,2022-05-29,https://web.archive.org/web/20220529075056/https://www.gehaltsvergleich.com/gehalt/Bioinformatiker-Bioinformatikerin,20220529075056
Nordrhein-Westfalen,4005,4276,5453,2022-05-29,https://web.archive.org/web/20220529075056/https://www.gehaltsvergleich.com/gehalt/Bioinformatiker-Bioinformatikerin,20220529075056
Rheinland-Pfalz,4255,4758,5702,2022-05-29,https://web.archive.org/web/20220529075056/https://www.gehaltsvergleich.com/gehalt/Bioinformatiker-Bioinformatikerin,20220529075056
Saarland,3913,4376,5244,2022-05-29,https://web.archive.org/web/20220529075056/https://www.gehaltsvergleich.com/gehalt/Bioinformatiker-Bioinformatikerin,20220529075056
Sachsen,3774,4220,5057,2022-05-29,https://web.archive.org/web/20220529075056/https://www.gehaltsvergleich.com/gehalt/Bioinformatiker-Bioinformatikerin,20220529075056
Sachsen-Anhalt,3360,3757,4502,2022-05-29,https://web.archive.org/web/20220529075056/https://www.gehaltsvergleich.com/gehalt/Bioinformatiker-Bioinformatikerin,20220529075056
Schleswig-Holstein,3796,4244,5086,2022-05-29,https://web.archive.org/web/20220529075056/https://www.gehaltsvergleich.com/gehalt/Bioinformatiker-Bioinformatikerin,20220529075056
Thüringen,3425,3830,4589,2022-05-29,https://web.archive.org/web/20220529075056/https://www.gehaltsvergleich.com/gehalt/Bioinformatiker-Bioinformatikerin,20220529075056
Deutschland,4049,4527,5425,2022-09-28,https://web.archive.org/web/20220928214043/https://www.gehaltsvergleich.com/gehalt/Bioinformatiker-Bioinformatikerin,20220928214043
Baden-Württemberg,3352,4385,9689,2022-09-28,https://web.archive.org/web/20220928214043/https://www.gehaltsvergleich.com/gehalt/Bioinformatiker-Bioinformatikerin,20220928214043
Bayern,3886,4515,5515,2022-09-28,https://web.archive.org/web/20220928214043/https://www.gehaltsvergleich.com/gehalt/Bioinformatiker-Bioinformatikerin,20220928214043
Berlin,4045,4726,4994,2022-09-28,https://web.archive.org/web/20220928214043/https://www.gehaltsvergleich.com/gehalt/Bioinformatiker-Bioinformatikerin,20220928214043
Brandenburg,3419,3823,4581,2022-09-28,https://web.archive.org/web/20220928214043/https://www.gehaltsvergleich.com/gehalt/Bioinformatiker-Bioinformatikerin,20220928214043
Bremen,3986,4457,5340,2022-09-28,https://web.archive.org/web/20220928214043/https://www.gehaltsvergleich.com/gehalt/Bioinformatiker-Bioinformatikerin,20220928214043
Hamburg,3265,4599,6927,2022-09-28,https://web.archive.org/web/20220928214043/https://www.gehaltsvergleich.com/gehalt/Bioinformatiker-Bioinformatikerin,20220928214043
Hessen,3938,4540,4692,2022-09-28,https://web.archive.org/web/20220928214043/https://www.gehaltsvergleich.com/gehalt/Bioinformatiker-Bioinformatikerin,20220928214043
Mecklenburg-Vorpommern,3312,3703,4438,2022-09-28,https://web.archive.org/web/20220928214043/https://www.gehaltsvergleich.com/gehalt/Bioinformatiker-Bioinformatikerin,20220928214043
Niedersachsen,3812,4206,4452,2022-09-28,https://web.archive.org/web/20220928214043/https://www.gehaltsvergleich.com/gehalt/Bioinformatiker-Bioinformatikerin,20220928214043
Nordrhein-Westfalen,4005,4276,5453,2022-09-28,https://web.archive.org/web/20220928214043/https://www.gehaltsvergleich.com/gehalt/Bioinformatiker-Bioinformatikerin,20220928214043
Rheinland-Pfalz,4255,4758,5702,2022-09-28,https://web.archive.org/web/20220928214043/https://www.gehaltsvergleich.com/gehalt/Bioinformatiker-Bioinformatikerin,20220928214043
Saarland,3913,4376,5244,2022-09-28,https://web.archive.org/web/20220928214043/https://www.gehaltsvergleich.com/gehalt/Bioinformatiker-Bioinformatikerin,20220928214043
Sachsen,3774,4220,5057,2022-09-28,https://web.archive.org/web/20220928214043/https://www.gehaltsvergleich.com/gehalt/Bioinformatiker-Bioinformatikerin,20220928214043
Sachsen-Anhalt,3360,3757,4502,2022-09-28,https://web.archive.org/web/20220928214043/https://www.gehaltsvergleich.com/gehalt/Bioinformatiker-Bioinformatikerin,20220928214043
Schleswig-Holstein,3796,4244,5086,2022-09-28,https://web.archive.org/web/20220928214043/https://www.gehaltsvergleich.com/gehalt/Bioinformatiker-Bioinformatikerin,20220928214043
Thüringen,3425,3830,4589,2022-09-28,https://web.archive.org/web/20220928214043/https://www.gehaltsvergleich.com/gehalt/Bioinformatiker-Bioinformatikerin,20220928214043
Deutschland,4049,4527,5425,2023-02-02,https://web.archive.org/web/20230202104446/https://www.gehaltsvergleich.com/gehalt/Bioinformatiker-Bioinformatikerin,20230202104446
Baden-Württemberg,3352,4385,9689,2023-02-02,https://web.archive.org/web/20230202104446/https://www.gehaltsvergleich.com/gehalt/Bioinformatiker-Bioinformatikerin,20230202104446
Bayern,3886,4515,5515,2023-02-02,https://web.archive.org/web/20230202104446/https://www.gehaltsvergleich.com/gehalt/Bioinformatiker-Bioinformatikerin,20230202104446
Berlin,4045,4726,4994,2023-02-02,https://web.archive.org/web/20230202104446/https://www.gehaltsvergleich.com/gehalt/Bioinformatiker-Bioinformatikerin,20230202104446
Brandenburg,3560,3980,4769,2023-02-02,https://web.archive.org/web/20230202104446/https://www.gehaltsvergleich.com/gehalt/Bioinformatiker-Bioinformatikerin,20230202104446
Bremen,3986,4457,5340,2023-02-02,https://web.archive.org/web/20230202104446/https://www.gehaltsvergleich.com/gehalt/Bioinformatiker-Bioinformatikerin,20230202104446
Hamburg,3265,4599,6927,2023-02-02,https://web.archive.org/web/20230202104446/https://www.gehaltsvergleich.com/gehalt/Bioinformatiker-Bioinformatikerin,20230202104446
Hessen,3938,4540,4692,2023-02-02,https://web.archive.org/web/20230202104446/https://www.gehaltsvergleich.com/gehalt/Bioinformatiker-Bioinformatikerin,20230202104446
Mecklenburg-Vorpommern,3481,3892,4665,2023-02-02,https://web.archive.org/web/20230202104446/https://www.gehaltsvergleich.com/gehalt/Bioinformatiker-Bioinformatikerin,20230202104446
Niedersachsen,3812,4206,4452,2023-02-02,https://web.archive.org/web/20230202104446/https://www.gehaltsvergleich.com/gehalt/Bioinformatiker-Bioinformatikerin,20230202104446
Nordrhein-Westfalen,4005,4276,5453,2023-02-02,https://web.archive.org/web/20230202104446/https://www.gehaltsvergleich.com/gehalt/Bioinformatiker-Bioinformatikerin,20230202104446
Rheinland-Pfalz,4255,4758,5702,2023-02-02,https://web.archive.org/web/20230202104446/https://www.gehaltsvergleich.com/gehalt/Bioinformatiker-Bioinformatikerin,20230202104446
Saarland,3932,4396,5267,2023-02-02,https://web.archive.org/web/20230202104446/https://www.gehaltsvergleich.com/gehalt/Bioinformatiker-Bioinformatikerin,20230202104446
Sachsen,3774,4220,5057,2023-02-02,https://web.archive.org/web/20230202104446/https://www.gehaltsvergleich.com/gehalt/Bioinformatiker-Bioinformatikerin,20230202104446
Sachsen-Anhalt,3989,4461,5346,2023-02-02,https://web.archive.org/web/20230202104446/https://www.gehaltsvergleich.com/gehalt/Bioinformatiker-Bioinformatikerin,20230202104446
Schleswig-Holstein,3824,4276,5124,2023-02-02,https://web.archive.org/web/20230202104446/https://www.gehaltsvergleich.com/gehalt/Bioinformatiker-Bioinformatikerin,20230202104446
Thüringen,3568,3989,4780,2023-02-02,https://web.archive.org/web/20230202104446/https://www.gehaltsvergleich.com/gehalt/Bioinformatiker-Bioinformatikerin,20230202104446
Deutschland,4049,4527,5425,2023-05-12,https://web.archive.org/web/20230512154919/https://www.gehaltsvergleich.com/gehalt/Bioinformatiker-Bioinformatikerin,20230512154919
Baden-Württemberg,3352,4385,9689,2023-05-12,https://web.archive.org/web/20230512154919/https://www.gehaltsvergleich.com/gehalt/Bioinformatiker-Bioinformatikerin,20230512154919
Bayern,3886,4515,5515,2023-05-12,https://web.archive.org/web/20230512154919/https://www.gehaltsvergleich.com/gehalt/Bioinformatiker-Bioinformatikerin,20230512154919
Berlin,4045,4726,4994,2023-05-12,https://web.archive.org/web/20230512154919/https://www.gehaltsvergleich.com/gehalt/Bioinformatiker-Bioinformatikerin,20230512154919
Brandenburg,3560,3980,4769,2023-05-12,https://web.archive.org/web/20230512154919/https://www.gehaltsvergleich.com/gehalt/Bioinformatiker-Bioinformatikerin,20230512154919
Bremen,3986,4457,5340,2023-05-12,https://web.archive.org/web/20230512154919/https://www.gehaltsvergleich.com/gehalt/Bioinformatiker-Bioinformatikerin,20230512154919
Hamburg,3265,4599,6927,2023-05-12,https://web.archive.org/web/20230512154919/https://www.gehaltsvergleich.com/gehalt/Bioinformatiker-Bioinformatikerin,20230512154919
Hessen,3938,4540,4692,2023-05-12,https://web.archive.org/web/20230512154919/https://www.gehaltsvergleich.com/gehalt/Bioinformatiker-Bioinformatikerin,20230512154919
Mecklenburg-Vorpommern,3481,3892,4665,2023-05-12,https://web.archive.org/web/20230512154919/https://www.gehaltsvergleich.com/gehalt/Bioinformatiker-Bioinformatikerin,20230512154919
Niedersachsen,3812,4206,4452,2023-05-12,https://web.archive.org/web/20230512154919/https://www.gehaltsvergleich.com/gehalt/Bioinformatiker-Bioinformatikerin,20230512154919
Nordrhein-Westfalen,4005,4276,5453,2023-05-12,https://web.archive.org/web/20230512154919/https://www.gehaltsvergleich.com/gehalt/Bioinformatiker-Bioinformatikerin,20230512154919
Rheinland-Pfalz,4255,4758,5702,2023-05-12,https://web.archive.org/web/20230512154919/https://www.gehaltsvergleich.com/gehalt/Bioinformatiker-Bioinformatikerin,20230512154919
Saarland,3932,4396,5267,2023-05-12,https://web.archive.org/web/20230512154919/https://www.gehaltsvergleich.com/gehalt/Bioinformatiker-Bioinformatikerin,20230512154919
Sachsen,3774,4220,5057,2023-05-12,https://web.archive.org/web/20230512154919/https://www.gehaltsvergleich.com/gehalt/Bioinformatiker-Bioinformatikerin,20230512154919
Sachsen-Anhalt,3989,4461,5346,2023-05-12,https://web.archive.org/web/20230512154919/https://www.gehaltsvergleich.com/gehalt/Bioinformatiker-Bioinformatikerin,20230512154919
Schleswig-Holstein,3824,4276,5124,2023-05-12,https://web.archive.org/web/20230512154919/https://www.gehaltsvergleich.com/gehalt/Bioinformatiker-Bioinformatikerin,20230512154919
Thüringen,3568,3989,4780,2023-05-12,https://web.archive.org/web/20230512154919/https://www.gehaltsvergleich.com/gehalt/Bioinformatiker-Bioinformatikerin,20230512154919
Deutschland,4049,4527,5425,2023-09-30,https://web.archive.org/web/20230930115432/https://www.gehaltsvergleich.com/gehalt/Bioinformatiker-Bioinformatikerin,20230930115432
Baden-Württemberg,3352,4385,9689,2023-09-30,https://web.archive.org/web/20230930115432/https://www.gehaltsvergleich.com/gehalt/Bioinformatiker-Bioinformatikerin,20230930115432
Bayern,3886,4515,5515,2023-09-30,https://web.archive.org/web/20230930115432/https://www.gehaltsvergleich.com/gehalt/Bioinformatiker-Bioinformatikerin,20230930115432
Berlin,4045,4726,4994,2023-09-30,https://web.archive.org/web/20230930115432/https://www.gehaltsvergleich.com/gehalt/Bioinformatiker-Bioinformatikerin,20230930115432
Brandenburg,3560,3980,4769,2023-09-30,https://web.archive.org/web/20230930115432/https://www.gehaltsvergleich.com/gehalt/Bioinformatiker-Bioinformatikerin,20230930115432
Bremen,3986,4457,5340,2023-09-30,https://web.archive.org/web/20230930115432/https://www.gehaltsvergleich.com/gehalt/Bioinformatiker-Bioinformatikerin,20230930115432
Hamburg,3265,4599,6927,2023-09-30,https://web.archive.org/web/20230930115432/https://www.gehaltsvergleich.com/gehalt/Bioinformatiker-Bioinformatikerin,20230930115432
Hessen,3938,4540,4692,2023-09-30,https://web.archive.org/web/20230930115432/https://www.gehaltsvergleich.com/gehalt/Bioinformatiker-Bioinformatikerin,20230930115432
Mecklenburg-Vorpommern,3481,3892,4665,2023-09-30,https://web.archive.org/web/20230930115432/https://www.gehaltsvergleich.com/gehalt/Bioinformatiker-Bioinformatikerin,20230930115432
Niedersachsen,3812,4206,4452,2023-09-30,https://web.archive.org/web/20230930115432/https://www.gehaltsvergleich.com/gehalt/Bioinformatiker-Bioinformatikerin,20230930115432
Nordrhein-Westfalen,4005,4276,5453,2023-09-30,https://web.archive.org/web/20230930115432/https://www.gehaltsvergleich.com/gehalt/Bioinformatiker-Bioinformatikerin,20230930115432
Rheinland-Pfalz,4255,4758,5702,2023-09-30,https://web.archive.org/web/20230930115432/https://www.gehaltsvergleich.com/gehalt/Bioinformatiker-Bioinformatikerin,20230930115432
Saarland,3932,4396,5267,2023-09-30,https://web.archive.org/web/20230930115432/https://www.gehaltsvergleich.com/gehalt/Bioinformatiker-Bioinformatikerin,20230930115432
Sachsen,3774,4220,5057,2023-09-30,https://web.archive.org/web/20230930115432/https://www.gehaltsvergleich.com/gehalt/Bioinformatiker-Bioinformatikerin,20230930115432
Sachsen-Anhalt,3989,4461,5346,2023-09-30,https://web.archive.org/web/20230930115432/https://www.gehaltsvergleich.com/gehalt/Bioinformatiker-Bioinformatikerin,20230930115432
Schleswig-Holstein,3824,4276,5124,2023-09-30,https://web.archive.org/web/20230930115432/https://www.gehaltsvergleich.com/gehalt/Bioinformatiker-Bioinformatikerin,20230930115432
Thüringen,3568,3989,4780,2023-09-30,https://web.archive.org/web/20230930115432/https://www.gehaltsvergleich.com/gehalt/Bioinformatiker-Bioinformatikerin,20230930115432
Deutschland,4049,4527,5425,2024-05-25,https://web.archive.org/web/20240525133345/https://www.gehaltsvergleich.com/gehalt/Bioinformatiker-Bioinformatikerin,20240525133345
Baden-Württemberg,3352,4385,9689,2024-05-25,https://web.archive.org/web/20240525133345/https://www.gehaltsvergleich.com/gehalt/Bioinformatiker-Bioinformatikerin,20240525133345
Bayern,3886,4515,5515,2024-05-25,https://web.archive.org/web/20240525133345/https://www.gehaltsvergleich.com/gehalt/Bioinformatiker-Bioinformatikerin,20240525133345
Berlin,4045,4726,4994,2024-05-25,https://web.archive.org/web/20240525133345/https://www.gehaltsvergleich.com/gehalt/Bioinformatiker-Bioinformatikerin,20240525133345
Brandenburg,3560,3980,4769,2024-05-25,https://web.archive.org/web/20240525133345/https://www.gehaltsvergleich.com/gehalt/Bioinformatiker-Bioinformatikerin,20240525133345
Bremen,3986,4457,5340,2024-05-25,https://web.archive.org/web/20240525133345/https://www.gehaltsvergleich.com/gehalt/Bioinformatiker-Bioinformatikerin,20240525133345
Hamburg,3265,4599,6927,2024-05-25,https://web.archive.org/web/20240525133345/https://www.gehaltsvergleich.com/gehalt/Bioinformatiker-Bioinformatikerin,20240525133345
Hessen,3938,4540,4692,2024-05-25,https://web.archive.org/web/20240525133345/https://www.gehaltsvergleich.com/gehalt/Bioinformatiker-Bioinformatikerin,20240525133345
Mecklenburg-Vorpommern,3481,3892,4665,2024-05-25,https://web.archive.org/web/20240525133345/https://www.gehaltsvergleich.com/gehalt/Bioinformatiker-Bioinformatikerin,20240525133345
Niedersachsen,3812,4206,4452,2024-05-25,https://web.archive.org/web/20240525133345/https://www.gehaltsvergleich.com/gehalt/Bioinformatiker-Bioinformatikerin,20240525133345
Nordrhein-Westfalen,4005,4276,5453,2024-05-25,https://web.archive.org/web/20240525133345/https://www.gehaltsvergleich.com/gehalt/Bioinformatiker-Bioinformatikerin,20240525133345
Rheinland-Pfalz,4255,4758,5702,2024-05-25,https://web.archive.org/web/20240525133345/https://www.gehaltsvergleich.com/gehalt/Bioinformatiker-Bioinformatikerin,20240525133345
Saarland,3932,4396,5267,2024-05-25,https://web.archive.org/web/20240525133345/https://www.gehaltsvergleich.com/gehalt/Bioinformatiker-Bioinformatikerin,20240525133345
Sachsen,3774,4220,5057,2024-05-25,https://web.archive.org/web/20240525133345/https://www.gehaltsvergleich.com/gehalt/Bioinformatiker-Bioinformatikerin,20240525133345
Sachsen-Anhalt,3989,4461,5346,2024-05-25,https://web.archive.org/web/20240525133345/https://www.gehaltsvergleich.com/gehalt/Bioinformatiker-Bioinformatikerin,20240525133345
Schleswig-Holstein,3824,4276,5124,2024-05-25,https://web.archive.org/web/20240525133345/https://www.gehaltsvergleich.com/gehalt/Bioinformatiker-Bioinformatikerin,20240525133345
Thüringen,3568,3989,4780,2024-05-25,https://web.archive.org/web/20240525133345/https://www.gehaltsvergleich.com/gehalt/Bioinformatiker-Bioinformatikerin,20240525133345
Deutschland,4049,4527,5425,2024-10-13,https://web.archive.org/web/20241013221540/https://www.gehaltsvergleich.com/gehalt/Bioinformatiker-Bioinformatikerin,20241013221540
Baden-Württemberg,3352,4385,9689,2024-10-13,https://web.archive.org/web/20241013221540/https://www.gehaltsvergleich.com/gehalt/Bioinformatiker-Bioinformatikerin,20241013221540
Bayern,3886,4515,5515,2024-10-13,https://web.archive.org/web/20241013221540/https://www.gehaltsvergleich.com/gehalt/Bioinformatiker-Bioinformatikerin,20241013221540
Berlin,4045,4726,4994,2024-10-13,https://web.archive.org/web/20241013221540/https://www.gehaltsvergleich.com/gehalt/Bioinformatiker-Bioinformatikerin,20241013221540
Brandenburg,3560,3980,4769,2024-10-13,https://web.archive.org/web/20241013221540/https://www.gehaltsvergleich.com/gehalt/Bioinformatiker-Bioinformatikerin,20241013221540
Bremen,3986,4457,5340,2024-10-13,https://web.archive.org/web/20241013221540/https://www.gehaltsvergleich.com/gehalt/Bioinformatiker-Bioinformatikerin,20241013221540
Hamburg,3265,4599,6927,2024-10-13,https://web.archive.org/web/20241013221540/https://www.gehaltsvergleich.com/gehalt/Bioinformatiker-Bioinformatikerin,20241013221540
Hessen,3938,4540,4692,2024-10-13,https://web.archive.org/web/20241013221540/https://www.gehaltsvergleich.com/gehalt/Bioinformatiker-Bioinformatikerin,20241013221540
Mecklenburg-Vorpommern,3481,3892,4665,2024-10-13,https://web.archive.org/web/20241013221540/https://www.gehaltsvergleich.com/gehalt/Bioinformatiker-Bioinformatikerin,20241013221540
Niedersachsen,3812,4206,4452,2024-10-13,https://web.archive.org/web/20241013221540/https://www.gehaltsvergleich.com/gehalt/Bioinformatiker-Bioinformatikerin,20241013221540
Nordrhein-Westfalen,4005,4276,5453,2024-10-13,https://web.archive.org/web/20241013221540/https://www.gehaltsvergleich.com/gehalt/Bioinformatiker-Bioinformatikerin,20241013221540
Rheinland-Pfalz,4255,4758,5702,2024-10-13,https://web.archive.org/web/20241013221540/https://www.gehaltsvergleich.com/gehalt/Bioinformatiker-Bioinformatikerin,20241013221540
Saarland,3932,4396,5267,2024-10-13,https://web.archive.org/web/20241013221540/https://www.gehaltsvergleich.com/gehalt/Bioinformatiker-Bioinformatikerin,20241013221540
Sachsen,3774,4220,5057,2024-10-13,https://web.archive.org/web/20241013221540/https://www.gehaltsvergleich.com/gehalt/Bioinformatiker-Bioinformatikerin,20241013221540
Sachsen-Anhalt,3989,4461,5346,2024-10-13,https://web.archive.org/web/20241013221540/https://www.gehaltsvergleich.com/gehalt/Bioinformatiker-Bioinformatikerin,20241013221540
Schleswig-Holstein,3824,4276,5124,2024-10-13,https://web.archive.org/web/20241013221540/https://www.gehaltsvergleich.com/gehalt/Bioinformatiker-Bioinformatikerin,20241013221540
Thüringen,3568,3989,4780,2024-10-13,https://web.archive.org/web/20241013221540/https://www.gehaltsvergleich.com/gehalt/Bioinformatiker-Bioinformatikerin,20241013221540
Deutschland,4049,4527,5425,2025-03-28,https://web.archive.org/web/20250328115204/https://www.gehaltsvergleich.com/gehalt/Bioinformatiker-Bioinformatikerin,20250328115204
Baden-Württemberg,3352,4385,9689,2025-03-28,https://web.archive.org/web/20250328115204/https://www.gehaltsvergleich.com/gehalt/Bioinformatiker-Bioinformatikerin,20250328115204
Bayern,3886,4515,5515,2025-03-28,https://web.archive.org/web/20250328115204/https://www.gehaltsvergleich.com/gehalt/Bioinformatiker-Bioinformatikerin,20250328115204
Berlin,4045,4726,4994,2025-03-28,https://web.archive.org/web/20250328115204/https://www.gehaltsvergleich.com/gehalt/Bioinformatiker-Bioinformatikerin,20250328115204
Brandenburg,3560,3980,4769,2025-03-28,https://web.archive.org/web/20250328115204/https://www.gehaltsvergleich.com/gehalt/Bioinformatiker-Bioinformatikerin,20250328115204
Bremen,3986,4457,5340,2025-03-28,https://web.archive.org/web/20250328115204/https://www.gehaltsvergleich.com/gehalt/Bioinformatiker-Bioinformatikerin,20250328115204
Hamburg,3265,4599,6927,2025-03-28,https://web.archive.org/web/20250328115204/https://www.gehaltsvergleich.com/gehalt/Bioinformatiker-Bioinformatikerin,20250328115204
Hessen,3938,4540,4692,2025-03-28,https://web.archive.org/web/20250328115204/https://www.gehaltsvergleich.com/gehalt/Bioinformatiker-Bioinformatikerin,20250328115204
Mecklenburg-Vorpommern,3481,3892,4665,2025-03-28,https://web.archive.org/web/20250328115204/https://www.gehaltsvergleich.com/gehalt/Bioinformatiker-Bioinformatikerin,20250328115204
Niedersachsen,3812,4206,4452,2025-03-28,https://web.archive.org/web/20250328115204/https://www.gehaltsvergleich.com/gehalt/Bioinformatiker-Bioinformatikerin,20250328115204
Nordrhein-Westfalen,4005,4276,5453,2025-03-28,https://web.archive.org/web/20250328115204/https://www.gehaltsvergleich.com/gehalt/Bioinformatiker-Bioinformatikerin,20250328115204
Rheinland-Pfalz,4255,4758,5702,2025-03-28,https://web.archive.org/web/20250328115204/https://www.gehaltsvergleich.com/gehalt/Bioinformatiker-Bioinformatikerin,20250328115204
Saarland,3932,4396,5267,2025-03-28,https://web.archive.org/web/20250328115204/https://www.gehaltsvergleich.com/gehalt/Bioinformatiker-Bioinformatikerin,20250328115204
Sachsen,3774,4220,5057,2025-03-28,https://web.archive.org/web/20250328115204/https://www.gehaltsvergleich.com/gehalt/Bioinformatiker-Bioinformatikerin,20250328115204
Sachsen-Anhalt,3989,4461,5346,2025-03-28,https://web.archive.org/web/20250328115204/https://www.gehaltsvergleich.com/gehalt/Bioinformatiker-Bioinformatikerin,20250328115204
Schleswig-Holstein,3824,4276,5124,2025-03-28,https://web.archive.org/web/20250328115204/https://www.gehaltsvergleich.com/gehalt/Bioinformatiker-Bioinformatikerin,20250328115204
Thüringen,3568,3989,4780,2025-03-28,https://web.archive.org/web/20250328115204/https://www.gehaltsvergleich.com/gehalt/Bioinformatiker-Bioinformatikerin,20250328115204
Deutschland,4049,4527,5425,2025-11-12,https://web.archive.org/web/20251112073418/https://www.gehaltsvergleich.com/gehalt/Bioinformatiker-Bioinformatikerin,20251112073418
Baden-Württemberg,3352,4385,9689,2025-11-12,https://web.archive.org/web/20251112073418/https://www.gehaltsvergleich.com/gehalt/Bioinformatiker-Bioinformatikerin,20251112073418
Bayern,3886,4515,5515,2025-11-12,https://web.archive.org/web/20251112073418/https://www.gehaltsvergleich.com/gehalt/Bioinformatiker-Bioinformatikerin,20251112073418
Berlin,4045,4726,4994,2025-11-12,https://web.archive.org/web/20251112073418/https://www.gehaltsvergleich.com/gehalt/Bioinformatiker-Bioinformatikerin,20251112073418
Brandenburg,3560,3980,4769,2025-11-12,https://web.archive.org/web/20251112073418/https://www.gehaltsvergleich.com/gehalt/Bioinformatiker-Bioinformatikerin,20251112073418
Bremen,3986,4457,5340,2025-11-12,https://web.archive.org/web/20251112073418/https://www.gehaltsvergleich.com/gehalt/Bioinformatiker-Bioinformatikerin,20251112073418
Hamburg,3265,4599,6927,2025-11-12,https://web.archive.org/web/20251112073418/https://www.gehaltsvergleich.com/gehalt/Bioinformatiker-Bioinformatikerin,20251112073418
Hessen,3938,4540,4692,2025-11-12,https://web.archive.org/web/20251112073418/https://www.gehaltsvergleich.com/gehalt/Bioinformatiker-Bioinformatikerin,20251112073418
Mecklenburg-Vorpommern,3481,3892,4665,2025-11-12,https://web.archive.org/web/20251112073418/https://www.gehaltsvergleich.com/gehalt/Bioinformatiker-Bioinformatikerin,20251112073418
Niedersachsen,3812,4206,4452,2025-11-12,https://web.archive.org/web/20251112073418/https://www.gehaltsvergleich.com/gehalt/Bioinformatiker-Bioinformatikerin,20251112073418
Nordrhein-Westfalen,4005,4276,5453,2025-11-12,https://web.archive.org/web/20251112073418/https://www.gehaltsvergleich.com/gehalt/Bioinformatiker-Bioinformatikerin,20251112073418
Rheinland-Pfalz,4255,4758,5702,2025-11-12,https://web.archive.org/web/20251112073418/https://www.gehaltsvergleich.com/gehalt/Bioinformatiker-Bioinformatikerin,20251112073418
Saarland,3932,4396,5267,2025-11-12,https://web.archive.org/web/20251112073418/https://www.gehaltsvergleich.com/gehalt/Bioinformatiker-Bioinformatikerin,20251112073418
Sachsen,3774,4220,5057,2025-11-12,https://web.archive.org/web/20251112073418/https://www.gehaltsvergleich.com/gehalt/Bioinformatiker-Bioinformatikerin,20251112073418
Sachsen-Anhalt,3989,4461,5346,2025-11-12,https://web.archive.org/web/20251112073418/https://www.gehaltsvergleich.com/gehalt/Bioinformatiker-Bioinformatikerin,20251112073418
Schleswig-Holstein,3824,4276,5124,2025-11-12,https://web.archive.org/web/20251112073418/https://www.gehaltsvergleich.com/gehalt/Bioinformatiker-Bioinformatikerin,20251112073418
Thüringen,3568,3989,4780,2025-11-12,https://web.archive.org/web/20251112073418/https://www.gehaltsvergleich.com/gehalt/Bioinformatiker-Bioinformatikerin,20251112073418
